Book Id,Title,Author,Author l-f,Additional Authors,ISBN,ISBN13,My Rating,Average Rating,Publisher,Binding,Number of Pages,Year Published,Original Publication Year,Date Read,Date Added,Bookshelves,Bookshelves with positions,Exclusive Shelf,My Review,Spoiler,Private Notes,Read Count,Recommended For,Recommended By,Owned Copies,Original Purchase Date,Original Purchase Location,Condition,Condition Description,BCID
22775398,"A Beautiful Constraint: How To Transform Your Limitations Into Advantages, and Why It′s Everyone′s Business",Adam Morgan,"Morgan, Adam",Mark Barden,"=""1118899016""","=""9781118899014""",0,3.94,John Wiley & Sons,Hardcover,288,2015,2004,,2017/07/07,to-read,to-read (#119),to-read,,,,0,,,0,,,,,
2652568,Guesstimation: Solving the World's Problems on the Back of a Cocktail Napkin,Lawrence Weinstein,"Weinstein, Lawrence",John A. Adam,"=""0691129495""","=""9780691129495""",0,3.70,Princeton University Press,Paperback,301,2008,2008,,2017/07/07,to-read,to-read (#118),to-read,,,,0,,,0,,,,,
20763837,The Silver Cord (Volume 1 & 2),Kevin  Kelly,"Kelly, Kevin",Steve  Masseroni,"=""1940689015""","=""9781940689012""",0,3.75,Cool Tools Lab,Hardcover,464,2015,,,2017/06/21,to-read,to-read (#117),to-read,,,,0,,,0,,,,,
32600755,Warnings: Finding Cassandras to Stop Catastrophes,Richard A. Clarke,"Clarke, Richard A.",R.P. Eddy,"=""0062488023""","=""9780062488022""",0,4.19,Ecco,Hardcover,416,2017,2017,,2017/06/01,"altucher, to-read","altucher (#18), to-read (#116)",to-read,,,,0,,,0,,,,,
891883,Beat the Dealer: A Winning Strategy for the Game of Twenty-One,Edward O. Thorp,"Thorp, Edward O.",,"=""0394703103""","=""9780394703107""",0,4.11,Vintage,Mass Market Paperback,240,1966,1966,,2017/04/21,to-read,to-read (#115),to-read,,,,0,,,0,,,,,
25733505,A Man for All Markets,Edward O. Thorp,"Thorp, Edward O.",,"=""1400067960""","=""9781400067961""",0,4.12,Random House,Hardcover,416,2016,,,2017/04/21,to-read,to-read (#114),to-read,,,Financial Post article about Ed Thorp.  Started first quant fund.,0,,Financial Post,0,,,,,
1057231,Samskara: A Rite for a Dead Man,U.R. Ananthamurthy ಯು. ಆರ್. ಅನ೦ತಮೂರ್ತಿ,"ಅನ೦ತಮೂರ್ತಿ, U.R. Ananthamurthy ಯು. ಆರ್.",A.K. Ramanujan,"=""0195610792""","=""9780195610796""",0,3.87,"Oxford University Press, USA",Paperback,176,1979,1965,,2016/11/26,to-read,to-read (#113),to-read,,,,,,,0,,,,,
27189099,Joy on Demand: The Art of Discovering the Happiness Within,Chade-Meng Tan,"Tan, Chade-Meng",,"=""0062378856""","=""9780062378859""",0,3.97,HarperOne,Hardcover,272,2016,2016,,2016/08/19,"timferriss, to-read","timferriss (#2), to-read (#112)",to-read,,,,,,,0,,,,,
27213168,I Contain Multitudes: The Microbes Within Us and a Grander View of Life,Ed Yong,"Yong, Ed",,"=""0062368591""","=""9780062368591""",0,4.21,Ecco,Hardcover,368,2016,2016,,2016/07/28,to-read,to-read (#111),to-read,,,,,,,0,,,,,
10672848,"The Theory That Would Not Die: How Bayes' Rule Cracked the Enigma Code, Hunted Down Russian Submarines, and Emerged Triumphant from Two Centuries of Controversy",Sharon Bertsch McGrayne,"McGrayne, Sharon Bertsch",,"=""0300169698""","=""9780300169690""",0,3.66,Yale University Press,Hardcover,336,2011,2011,,2016/07/07,to-read,to-read (#110),to-read,,,,,,,0,,,,,
26114543,"Big Five, The",Sanjiv Chopra,"Chopra, Sanjiv",David Fisher,"=""125006533X""","=""9781250065339""",0,3.74,Thomas Dunne Books,Hardcover,192,2016,2016,,2016/07/05,"to-read, altucher","to-read (#109), altucher (#17)",to-read,,,,,,,0,,,,,
26703883,Causal inference in statistics : a primer,Judea Pearl,"Pearl, Judea",,"=""1119186846""","=""9781119186847""",0,3.76,Wiley,Paperback,150,2016,2016,,2016/06/30,to-read,to-read (#108),to-read,,,,,,,0,,,,,
639864,Autobiography of a Yogi,Paramahansa Yogananda,"Yogananda, Paramahansa",,"=""0876120834""","=""9780876120835""",0,4.22,Self-Realization Fellowship Publishers,Paperback,520,1994,1946,,2016/06/23,to-read,to-read (#107),to-read,,,,,,,0,,,,,
25387895,The Confidence Game: Why We Fall for It . . . Every Time,Maria Konnikova,"Konnikova, Maria",,"=""0525427414""","=""9780525427414""",0,3.64,Viking,Hardcover,352,2016,2015,,2016/06/22,"altucher, to-read","altucher (#16), to-read (#106)",to-read,,,,,,,0,,,,,
18366743,"The Divine Blueprint: Temples, Power Places, and the Global Plan to Shape the Human Soul",Freddy Silva,"Silva, Freddy",,"=""""","=""""",0,4.88,Invisible Temple,Paperback,318,2013,2010,,2016/06/21,to-read,to-read (#105),to-read,,,,,,,0,,,,,
22859551,The Crossroads of Should and Must: Find and Follow Your Passion,Elle Luna,"Luna, Elle",,"=""0761184880""","=""9780761184881""",0,4.04,Workman Publishing Company,Hardcover,161,2015,2015,,2016/06/14,to-read,to-read (#104),to-read,,,,,,,0,,,,,
21548935,The Art of Work,Jeff Goins,"Goins, Jeff",,"=""0529117657""","=""9780529117656""",0,4.02,Thomas Nelson,Paperback,,,2015,,2016/06/14,to-read,to-read (#103),to-read,,,,,,,0,,,,,
9068044,Social Engineering: The Art of Human Hacking,Christopher Hadnagy,"Hadnagy, Christopher",Paul Wilson,"=""0470639539""","=""9780470639535""",0,3.83,Wiley Publishing,Paperback,382,2010,2010,,2016/06/10,to-read,to-read (#102),to-read,,,,,,,0,,,,,
25666050,Algorithms to Live By: The Computer Science of Human Decisions,Brian Christian,"Christian, Brian",Tom  Griffiths,"=""1627790365""","=""9781627790369""",0,4.16,Henry Holt and Co.,Hardcover,368,2016,2016,,2016/06/08,to-read,to-read (#101),to-read,,,,,,,0,,,,,
30369682,Hike Victoria,John Crouch,"Crouch, John",,"=""""","=""""",0,0.0,Chickadee Press,Paperback,,,,,2016/06/07,to-read,to-read (#100),to-read,,,,,,,0,,,,,
26240890,Cycling the Islands: A Guide to Scenic Routes on the San Juan and Gulf Islands,John Crouch,"Crouch, John",,"=""1771601612""","=""9781771601610""",0,3.50,RMB | Rocky Mountain Books,Paperback,184,2016,2016,,2016/06/07,to-read,to-read (#99),to-read,,,,,,,0,,,,,
25963008,Six highways to home: a cycling journey from Whitehorse to Victoria,John Crouch,"Crouch, John",,"=""""","=""9780973191356""",0,3.50,Chickadee Press,Paperback,200,2014,2014,,2016/06/07,to-read,to-read (#98),to-read,,,,,,,0,,,,,
27209431,The Inevitable: Understanding the 12 Technological Forces That Will Shape Our Future,Kevin Kelly,"Kelly, Kevin",,"=""0525428089""","=""9780525428084""",0,4.02,Viking,Hardcover,328,2016,2016,,2016/06/07,"to-read, timferriss","to-read (#97), timferriss (#1)",to-read,,,,,,,0,,,,,
186124,Fortune's Formula: The Untold Story of the Scientific Betting System That Beat the Casinos and Wall Street,William Poundstone,"Poundstone, William",,"=""0809045990""","=""9780809045990""",0,4.17,Hill and Wang,Paperback,400,2006,2006,,2016/05/27,to-read,to-read (#96),to-read,,,,,,,3,,,unspecified,,
389603,The Misbehavior of Markets: A Fractal View of Financial Turbulence,Benoît B. Mandelbrot,"Mandelbrot, Benoît B.",Richard L. Hudson,"=""0465043577""","=""9780465043576""",0,4.02,Basic Books,Paperback,368,2005,1997,,2016/05/27,to-read,to-read (#95),to-read,Recommended from: http://www.anlytcs.com/2016/05/comparing-daily-stock-market-returns-to.html,,,,,,0,,,,,
17977529,"Choose Yourself: Be Happy, Make Millions, Live the Dream",James Altucher,"Altucher, James",,"=""""","=""9781619610224""",0,3.89,,Paperback,276,2013,2013,,2016/05/20,to-read,to-read (#94),to-read,,,,,,,1,,,unspecified,,
834383,The Great Arc: The Dramatic Tale of How India Was Mapped and Everest Was Named,John Keay,"Keay, John",,"=""0060932953""","=""9780060932954""",0,3.86,Harper Perennial,Paperback,224,2001,2000,,2016/05/19,to-read,to-read (#93),to-read,,,,,,,1,,,unspecified,,
12369449,The Man Who Quit Money,Mark Sundeen,"Sundeen, Mark","Daniel Suelo, Brian Mahan, John Lame Deer, Joseph Campbell, Ramakrishna","=""1594485690""","=""9781594485695""",0,3.71,Riverhead,Paperback,260,2012,2012,,2016/05/19,to-read,to-read (#92),to-read,,,,,,,0,,,,,
1595177,The Adventures of Johnny Bunko: The Last Career Guide You'll Ever Need,Daniel H. Pink,"Pink, Daniel H.",,"=""1594482918""","=""9781594482915""",3,3.75,Riverhead Books,Paperback,160,2008,2008,2014/11/13,2016/05/19,,,read,,,,,,,0,,,,,
78509,You Learn by Living: Eleven Keys for a More Fulfilling Life,Eleanor Roosevelt,"Roosevelt, Eleanor",,"=""0664244947""","=""9780664244941""",5,3.99,Westminster John Knox Press,Paperback,211,2009,1960,2014/10/31,2016/05/19,,,read,,,,,,,0,,,,,
12443235,The Wealthy Barber Returns,David Chilton,"Chilton, David",,"=""0968394744""","=""9780968394748""",3,3.81,Financial Awareness Corporation,,224,2011,2011,2013/06/14,2016/05/19,,,read,,,,,,,0,,,,,
33600,Shantaram,Gregory David Roberts,"Roberts, Gregory David",,"=""192076920X""","=""9781920769208""",5,4.26,Scribe,Paperback,936,2004,2003,2015/05/10,2016/05/19,,,read,Almost life changing.,,,,,,1,,,unspecified,,
28514478,Who Rules the World?,Noam Chomsky,"Chomsky, Noam",,"=""162779381X""","=""9781627793810""",0,4.09,Metropolitan Books/Henry Holt & Co. (NYC),Hardcover,320,2016,2016,,2016/05/16,to-read,to-read (#91),to-read,,,,,,,0,,,,,
303836,"The Forager's Harvest: A Guide to Identifying, Harvesting, and Preparing Edible Wild Plants",Samuel Thayer,"Thayer, Samuel",,"=""0976626608""","=""9780976626602""",0,4.34,Foragers Harvest Press,Paperback,360,2006,2006,,2016/05/12,to-read,to-read (#90),to-read,,,,,,,0,,,,,
7637312,"Nature's Garden: A Guide to Identifying, Harvesting, and Preparing Edible Wild Plants",Samuel Thayer,"Thayer, Samuel",,"=""0976626616""","=""9780976626619""",0,4.49,Foragers Harvest Press,Paperback,512,2010,2010,,2016/05/12,to-read,to-read (#89),to-read,,,,,,,0,,,,,
5579277,Edible Wild Plants: Wild Foods from Dirt to Plate,John Kallas,"Kallas, John",,"=""1423601505""","=""9781423601500""",0,4.34,Gibbs Smith,Paperback,416,2010,2010,,2016/05/12,to-read,to-read (#88),to-read,,,,,,,0,,,,,
1098135,Stalking the Wild Asparagus,Euell Gibbons,"Gibbons, Euell",,"=""0911469036""","=""9780911469035""",0,4.15,Alan C Hood & Company,Paperback,303,1962,1962,,2016/05/12,to-read,to-read (#87),to-read,,,,,,,0,,,,,
594871,Stalking the Blue-Eyed Scallop,Euell Gibbons,"Gibbons, Euell",,"=""0911469052""","=""9780911469059""",0,4.10,Alan C Hood & Company,Paperback,332,1964,1964,,2016/05/12,to-read,to-read (#86),to-read,,,,,,,0,,,,,
606055,"Plants of the Pacific Northwest Coast: Washington, Oregon, British Columbia, and Alaska",Jim Pojar,"Pojar, Jim",Andy MacKinnon,"=""1551050404""","=""0779101050404""",0,4.55,Lone Pine Publishing,Paperback,527,1994,1994,,2016/05/12,to-read,to-read (#85),to-read,,,,,,,0,,,,,
292307,Apple Cider Vinegar: Miracle Health System,Paul Bragg,"Bragg, Paul",Patricia Bragg,"=""0877900450""","=""9780877900450""",0,3.87,Bragg Health Science,Paperback,113,2005,1995,,2016/05/12,to-read,to-read (#84),to-read,,,,,,,0,,,,,
22669010,A Curious Mind: The Secret to a Bigger Life,Brian Grazer,"Grazer, Brian",Charles Fishman,"=""147673075X""","=""9781476730752""",0,3.34,Simon & Schuster,Hardcover,320,2015,2014,,2016/05/10,"altucher, to-read","altucher (#15), to-read (#83)",to-read,,,,,,,0,,,,,
25898154,People Get Ready: The Fight Against a Jobless Economy and a Citizenless Democracy,Robert W. McChesney,"McChesney, Robert W.",John Nichols,"=""1568585217""","=""9781568585215""",0,4.14,Nation Books,Hardcover,368,2016,2016,,2016/05/09,to-read,to-read (#82),to-read,,,,,,,0,,,,,
18366642,First Templar Nation: How the Knights Templar Created Europe's First Nation-state,Freddy Silva,"Silva, Freddy",,"=""""","=""9780985282431""",0,4.60,Invisible Temple,Paperback,318,2012,2012,,2016/05/04,to-read,to-read (#81),to-read,,,,,,,0,,,,,
573652,Pirates & the Lost Templar Fleet: The Secret Naval War Between the Knights Templar and the Vatican: The Secret Naval War Between the Knights Templars and the Vatican,David Hatcher Childress,"Childress, David Hatcher",,"=""1931882185""","=""9781931882187""",0,3.42,Adventures Unlimited Press,Paperback,288,2003,2003,,2016/05/04,to-read,to-read (#80),to-read,,,,,,,0,,,,,
17377036,The Orphan Trilogy (The Orphan Trilogy #1-3),James Morcan,"Morcan, James",Lance Morcan,"=""""","=""""",0,3.85,Sterling Gate Books,Kindle Edition,1093,2013,2013,,2016/05/04,to-read,to-read (#79),to-read,,,,,,,0,,,,,
9931296,"Genes, Giants, Monsters, and Men: The Surviving Elites of the Cosmic War and Their Hidden Agenda",Joseph P. Farrell,"Farrell, Joseph P.",,"=""1936239086""","=""9781936239085""",0,3.73,Feral House,Paperback,300,2011,2011,,2016/05/04,to-read,to-read (#78),to-read,,,,,,,0,,,,,
2256824,"The Cosmic War: Interplanetary Warfare, Modern Physics, and Ancient Texts",Joseph P. Farrell,"Farrell, Joseph P.",,"=""1931882754""","=""9781931882750""",0,4.00,Adventures Unlimited Press,Paperback,428,2007,2007,,2016/05/04,to-read,to-read (#77),to-read,,,,,,,0,,,,,
2388624,Quantitative Forecasting Methods,Nicholas R. Farnum,"Farnum, Nicholas R.",,"=""0534916864""","=""9780534916862""",0,4.00,Wadsworth Publishing Company,Hardcover,573,1997,1989,,2016/05/04,to-read,to-read (#76),to-read,,,,,,,0,,,,,
27968672,Goodnight Sunshine,Mark  Cameron,"Cameron, Mark",,"=""0994095309""","=""9780994095305""",0,4.58,Catch Our Drift Productions Inc.,Paperback,348,2015,2015,,2016/05/03,to-read,to-read (#75),to-read,,,,,,,0,,,,,
14891980,The 5 Elements of Effective Thinking,Edward B. Burger,"Burger, Edward B.",Michael Starbird,"=""0691156662""","=""9780691156668""",0,4.07,Princeton University Press,Hardcover,157,2012,2012,,2016/05/03,"to-read, dereksivers","to-read (#74), dereksivers (#38)",to-read,,,,,,,0,,,,,
17859574,How to Fail at Almost Everything and Still Win Big: Kind of the Story of My Life,Scott Adams,"Adams, Scott",,"=""1591846919""","=""9781591846918""",0,4.08,Penguin Portfolio,Hardcover,248,2013,2013,,2016/05/03,"to-read, dereksivers","to-read (#73), dereksivers (#37)",to-read,,,,,,,0,,,,,
18693655,A Mind for Numbers: How to Excel at Math and Science (Even If You Flunked Algebra),Barbara Oakley,"Oakley, Barbara",,"=""039916524X""","=""9780399165245""",0,4.21,Tarcher/Penguin,Paperback,306,2014,2014,,2016/05/03,"to-read, dereksivers","to-read (#72), dereksivers (#36)",to-read,,,,,,,0,,,,,
25111093,The Geography of Genius: A Search for the World's Most Creative Places from Ancient Athens to Silicon Valley,Eric    Weiner,"Weiner, Eric",,"=""1451691653""","=""9781451691658""",0,3.75,Simon & Schuster,Hardcover,368,2016,2016,,2016/05/03,"to-read, dereksivers","to-read (#71), dereksivers (#34)",to-read,,,,,,,0,,,,,
619328,The Art of Profitability,Adrian J. Slywotzky,"Slywotzky, Adrian J.",,"=""0446692271""","=""9780446692274""",0,3.90,Hachette Book Group USA,Paperback,272,2003,2002,,2016/05/03,"dereksivers, to-read","dereksivers (#33), to-read (#70)",to-read,,,,,,,0,,,,,
161899,"The Smartest Investment Book You'll Ever Read: The Simple, Stress-Free Way to Reach Your Investment Goals",Daniel R. Solin,"Solin, Daniel R.",,"=""0399532838""","=""9780399532832""",0,3.65,Perigee Trade,Hardcover,192,2006,2006,,2016/05/03,"to-read, dereksivers","to-read (#69), dereksivers (#32)",to-read,,,,,,,0,,,,,
3114313,The Ultimate Sales Machine: Turbocharge Your Business with Relentless Focus on 12 Key Strategies,Chet Holmes,"Holmes, Chet","Jay Conrad Levinson, Michael E. Gerber","=""1591842158""","=""9781591842156""",0,3.94,Portfolio,Paperback,272,2008,2007,,2016/05/03,"to-read, dereksivers","to-read (#68), dereksivers (#31)",to-read,,,,,,,0,,,,,
28815,Influence: The Psychology of Persuasion,Robert B. Cialdini,"Cialdini, Robert B.",,"=""006124189X""","=""9780061241895""",0,4.18,HarperBusiness,Paperback,320,2006,1984,,2016/05/03,"to-read, dereksivers","to-read (#67), dereksivers (#30)",to-read,,,,,,,0,,,,,
96884,The Happiness Hypothesis: Finding Modern Truth in Ancient Wisdom,Jonathan Haidt,"Haidt, Jonathan",,"=""0465028020""","=""9780465028023""",0,4.12,Basic Books,Paperback,297,2006,2005,,2016/05/03,"to-read, dereksivers","to-read (#66), dereksivers (#29)",to-read,,,,,,,0,,,,,
6570502,Switch: How to Change Things When Change Is Hard,Chip Heath,"Heath, Chip",Dan Heath,"=""0385528752""","=""9780385528757""",0,4.01,Crown Business,Hardcover,305,2010,2010,,2016/05/03,"to-read, dereksivers","to-read (#65), dereksivers (#28)",to-read,,,,,,,0,,,,,
9512985,The Personal MBA: Master the Art of Business,Josh Kaufman,"Kaufman, Josh",,"=""1591843529""","=""9781591843528""",0,4.03,Portfolio,Hardcover,416,2010,2010,,2016/05/03,"to-read, dereksivers","to-read (#64), dereksivers (#27)",to-read,,,,,,,0,,,,,
10127019,The Lean Startup: How Today's Entrepreneurs Use Continuous Innovation to Create Radically Successful Businesses,Eric Ries,"Ries, Eric",,"=""0307887898""","=""9780307887894""",0,4.04,Crown Business,Hardcover,299,2011,2011,,2016/05/03,"to-read, dereksivers","to-read (#63), dereksivers (#26)",to-read,,,,,,,0,,,,,
10651064,What Technology Wants,Kevin Kelly,"Kelly, Kevin",,"=""0143120174""","=""9780143120179""",0,3.72,Penguin Books,Paperback,416,2011,2010,,2016/05/03,"to-read, dereksivers","to-read (#62), dereksivers (#25)",to-read,,,,,,,0,,,,,
10865206,"The Willpower Instinct: How Self-Control Works, Why It Matters, and What You Can Do to Get More of It",Kelly McGonigal,"McGonigal, Kelly",,"=""1583334386""","=""9781583334386""",0,4.10,Avery,Hardcover,275,2011,2011,,2016/05/03,"to-read, dereksivers","to-read (#61), dereksivers (#23)",to-read,,,,,,,0,,,,,
11171777,Self-Reliance,Ralph Waldo Emerson,"Emerson, Ralph Waldo",,"=""1936719061""","=""9781936719068""",0,4.04,Powered by Amazon,Hardcover,88,2011,1841,,2016/05/03,"to-read, dereksivers","to-read (#60), dereksivers (#21)",to-read,,,,,,,0,,,,,
18290401,Show Your Work!: 10 Ways to Share Your Creativity and Get Discovered,Austin Kleon,"Kleon, Austin",,"=""076117897X""","=""9780761178972""",0,4.13,Workman Publishing Company,Paperback,224,2014,2014,,2016/05/03,"to-read, dereksivers","to-read (#59), dereksivers (#20)",to-read,,,,,,,0,,,,,
17332343,The Antidote: Happiness for People Who Can't Stand Positive Thinking,Oliver Burkeman,"Burkeman, Oliver",,"=""0865478015""","=""9780865478015""",0,4.06,"Farrar, Straus and Giroux",Paperback,235,2013,2012,,2016/05/03,"to-read, dereksivers","to-read (#58), dereksivers (#19)",to-read,,,,,,,0,,,,,
482071,When Cultures Collide: Leading Across Cultures,Richard D. Lewis,"Lewis, Richard D.",,"=""1904838022""","=""9781904838029""",0,4.02,Nicholas Brealey Publishing,Paperback,599,2005,1996,,2016/05/03,"to-read, dereksivers","to-read (#57), dereksivers (#18)",to-read,,,,,,,0,,,,,
13587222,The Compound Effect,Darren Hardy,"Hardy, Darren",,"=""159315724X""","=""9781593157241""",0,4.40,Vanguard Press,Paperback,176,2012,2010,,2016/05/03,"to-read, dereksivers","to-read (#56), dereksivers (#17)",to-read,,,,,,,0,,,,,
18077832,Fluent Forever: How to Learn Any Language Fast and Remember It Forever,Gabriel Wyner,"Wyner, Gabriel",,"=""0385348118""","=""9780385348119""",0,4.23,Harmony,Paperback,326,2014,2014,,2016/05/03,"to-read, dereksivers","to-read (#55), dereksivers (#16)",to-read,,,,,,,0,,,,,
687278,When Things Fall Apart: Heart Advice for Difficult Times,Pema Chödrön,"Chödrön, Pema",,"=""1570623449""","=""9781570623448""",0,4.29,Shambhala,Paperback,160,2000,1996,,2016/05/03,"to-read, dereksivers","to-read (#54), dereksivers (#15)",to-read,,,,,,,0,,,,,
871520,The Wisdom of No Escape: And the Path of Loving Kindness,Pema Chödrön,"Chödrön, Pema",,"=""1570628726""","=""9781570628726""",0,4.38,Shambhala,Paperback,120,2001,1991,,2016/05/03,"to-read, dereksivers","to-read (#53), dereksivers (#14)",to-read,,,,,,,0,,,,,
23493360,The Entrepreneur Roller Coaster: Why Now Is the Time to #Join the Ride,Darren Hardy,"Hardy, Darren",,"=""0990798623""","=""9780990798620""",0,4.51,Success,Hardcover,272,2015,2015,,2016/05/03,"to-read, dereksivers","to-read (#52), dereksivers (#13)",to-read,,,,,,,0,,,,,
60653,"Cows, Pigs, Wars, and Witches: The Riddles of Culture",Marvin Harris,"Harris, Marvin",,"=""0679724680""","=""9780679724681""",0,3.92,Vintage,Paperback,288,1989,1974,,2016/05/03,"to-read, dereksivers","to-read (#51), dereksivers (#12)",to-read,,,,,,,0,,,,,
56627,Stumbling on Happiness,Daniel Todd Gilbert,"Gilbert, Daniel Todd",,"=""1400077427""","=""9781400077427""",0,3.82,Vintage,Paperback,263,2007,2006,,2016/05/03,"to-read, dereksivers","to-read (#50), dereksivers (#10)",to-read,,,,,,,0,,,,,
6624331,The Time Paradox: The New Psychology of Time That Will Change Your Life,Philip G. Zimbardo,"Zimbardo, Philip G.",John      Boyd,"=""1416541993""","=""9781416541998""",0,3.71,Atria Books,Paperback,400,2009,2008,,2016/05/03,"to-read, dereksivers","to-read (#49), dereksivers (#9)",to-read,,,,,,,0,,,,,
5617966,A Guide to the Good Life: The Ancient Art of Stoic Joy,William B. Irvine,"Irvine, William B.",,"=""0195374614""","=""9780195374612""",0,4.19,"Oxford University Press, USA",Hardcover,326,2008,,,2016/05/03,"to-read, dereksivers","to-read (#48), dereksivers (#8)",to-read,,,,,,,0,,,,,
11040172,Do the Work,Steven Pressfield,"Pressfield, Steven",Seth Godin,"=""1936719010""","=""9781936719013""",0,4.01,Powered by Amazon,Hardcover,112,2011,2011,,2016/05/03,"to-read, dereksivers","to-read (#47), dereksivers (#7)",to-read,,,,,,,0,,,,,
11468377,"Thinking, Fast and Slow",Daniel Kahneman,"Kahneman, Daniel",,"=""0374275637""","=""9780374275631""",0,4.08,"Farrar, Straus and Giroux",Hardcover,499,2011,2011,,2016/05/03,"to-read, dereksivers","to-read (#46), dereksivers (#6)",to-read,,,,,,,0,,,,,
1319,The War of Art: Break Through the Blocks & Win Your Inner Creative Battles,Steven Pressfield,"Pressfield, Steven",Robert McKee,"=""0446691437""","=""9780446691437""",0,4.07,Warner Books,Paperback,168,2003,2002,,2016/05/03,"to-read, dereksivers","to-read (#45), dereksivers (#5)",to-read,,,,,,,0,,,,,
13525945,So Good They Can't Ignore You: Why Skills Trump Passion in the Quest for Work You Love,Cal Newport,"Newport, Cal",,"=""1455509108""","=""9781455509102""",0,4.08,Business Plus,ebook,288,2012,2012,,2016/05/03,"to-read, dereksivers","to-read (#44), dereksivers (#4)",to-read,,,,,,,0,,,,,
14912777,Turning Pro,Steven Pressfield,"Pressfield, Steven",,"=""""","=""""",0,4.22,Black Irish Books,Kindle Edition,148,2012,2012,,2016/05/03,"dereksivers, to-read","dereksivers (#3), to-read (#43)",to-read,,,,,,,0,,,,,
18007504,"Mindwise: How We Understand What Others Think, Believe, Feel, and Want",Nicholas Epley,"Epley, Nicholas",,"=""0307595919""","=""9780307595911""",0,3.75,Knopf,Hardcover,242,2014,2014,,2016/05/03,"dereksivers, to-read","dereksivers (#2), to-read (#41)",to-read,,,,,,,0,,,,,
53343,On Writing Well: The Classic Guide to Writing Nonfiction,William Zinsser,"Zinsser, William",,"=""0060891548""","=""9780060891541""",0,4.23,Harper Perennial,Paperback,336,2016,1976,,2016/05/03,"dereksivers, to-read","dereksivers (#1), to-read (#42)",to-read,,,,,,,0,,,,,
21853621,The Nightingale,Kristin Hannah,"Hannah, Kristin",,"=""0312577222""","=""9780312577223""",2,4.54,St. Martin's Press,Hardcover,440,2015,2015,2016/04/24,2016/05/03,,,read,,,,,,,1,,,unspecified,,
3152459,The Smith Manoeuvre,Fraser Smith,"Smith, Fraser",,"=""1553696417""","=""9781553696414""",0,3.20,Trafford Publishing,Paperback,147,2006,2002,,2016/04/12,to-read,to-read (#40),to-read,,,,,,,0,,,,,
15793584,"Lost Cat: A True Story of Love, Desperation, and GPS Technology",Caroline Paul,"Paul, Caroline",Wendy MacNaughton,"=""1608199770""","=""9781608199778""",0,3.75,Bloomsbury USA,Hardcover,176,2013,2013,,2016/04/06,to-read,to-read (#39),to-read,,,,,,,0,,,,,
23471842,Whiskey Tango Foxtrot,David Shafer,"Shafer, David",,"=""0316252654""","=""9780316252652""",0,3.51,Mulholland Books,Paperback,432,2015,2014,2017/07/02,2016/04/05,,,read,,,,1,,,0,,,,,
22609866,Resilience: Hard-Won Wisdom for Living a Better Life,Eric Greitens,"Greitens, Eric",,"=""1427260141""","=""9781427260147""",0,4.35,Macmillan Audio,Audio CD,9,2015,2015,,2016/04/05,to-read,to-read (#38),to-read,,,,,,,0,,,,,
356896,The Greatest Salesman in the World,Og Mandino,"Mandino, Og",,"=""055327757X""","=""9780553277579""",0,4.19,Bantam,Paperback,128,1983,1968,,2016/04/05,to-read,to-read (#37),to-read,,,,,,,0,,,,,
106350,The Lady Tasting Tea: How Statistics Revolutionized Science in the Twentieth Century,David Salsburg,"Salsburg, David",,"=""0805071342""","=""9780805071344""",0,3.82,Holt Paperbacks,Paperback,352,2002,2001,,2016/04/05,to-read,to-read (#36),to-read,,,,,,,0,,,,,
135479,Cat's Cradle,Kurt Vonnegut Jr.,"Jr., Kurt Vonnegut",,"=""0140285601""","=""9780140285604""",0,4.18,Penguin,Paperback,306,1999,1963,,2016/04/05,to-read,to-read (#35),to-read,,,,,,,1,,,unspecified,,
22571775,"Do Over: Rescue Monday, Reinvent Your Work, and Never Get Stuck",Jon Acuff,"Acuff, Jon",,"=""1591847613""","=""9781591847618""",0,4.11,Portfolio,Hardcover,288,2015,2015,,2016/04/05,to-read,to-read (#34),to-read,,,,,,,0,,,,,
14376,Einstein's Dreams,Alan Lightman,"Lightman, Alan",,"=""140007780X""","=""9781400077809""",0,4.08,Vintage,Paperback,144,2004,1992,,2016/04/05,to-read,to-read (#33),to-read,,,,,,,0,,,,,
22318398,"Future Crimes: Everything Is Connected, Everyone Is Vulnerable, and What We Can Do About It",Marc Goodman,"Goodman, Marc",,"=""0385539002""","=""9780385539005""",0,3.94,Doubleday,Hardcover,393,2015,2015,,2016/04/05,to-read,to-read (#32),to-read,,,,,,,0,,,,,
50,"Hatchet (Brian's Saga, #1)",Gary Paulsen,"Paulsen, Gary",,"=""0689840926""","=""9780689840920""",4,3.68,Atheneum Books for Young Readers: Richard Jackson Books,Hardcover,208,2000,1986,2016/07/10,2016/04/05,,,read,,,,,,,1,,,unspecified,,
20910174,"Smartcuts: How Hackers, Innovators, and Icons Accelerate Success",Shane Snow,"Snow, Shane",,"=""0062302450""","=""9780062302458""",0,3.95,HarperBusiness,Hardcover,272,2014,2014,,2016/04/05,"to-read, dereksivers","to-read (#31), dereksivers (#35)",to-read,,,,,,,0,,,,,
20527133,"Superintelligence: Paths, Dangers, Strategies",Nick Bostrom,"Bostrom, Nick",,"=""0199678111""","=""9780199678112""",0,3.85,Oxford University Press (UK),Hardcover,328,2014,2014,,2016/04/05,to-read,to-read (#30),to-read,,,,,,,0,,,,,
10816296,Survivors (The Coming Collapse),"James Wesley, Rawles","Rawles, James Wesley,",,"=""1439172803""","=""9781439172803""",4,3.49,Atria Books,Hardcover,382,2011,2011,2015/09/11,2016/04/05,,,read,,,,,,,0,,,,,
12605157,"The $100 Startup: Reinvent the Way You Make a Living, Do What You Love, and Create a New Future",Chris Guillebeau,"Guillebeau, Chris",,"=""0307951529""","=""9780307951526""",0,3.84,Crown Business,Hardcover,268,2012,2012,,2016/04/05,to-read,to-read (#29),to-read,,,,,,,1,,,unspecified,,
827,"The Diamond Age: or, A Young Lady's Illustrated Primer",Neal Stephenson,"Stephenson, Neal",,"=""0553380966""","=""9780553380965""",0,4.19,Spectra,Paperback,499,2000,1995,,2016/04/05,to-read,to-read (#28),to-read,,,,,,,0,,,,,
9484114,The Happiness Advantage: The Seven Principles of Positive Psychology That Fuel Success and Performance at Work,Shawn Achor,"Achor, Shawn",,"=""0307591565""","=""9780307591562""",0,4.14,Crown Business,ebook,272,2010,2010,,2016/04/05,to-read,to-read (#27),to-read,,,,,,,0,,,,,
6720027,"The Investor's Manifesto: Preparing for Prosperity, Armageddon, and Everything in Between",William J. Bernstein,"Bernstein, William J.",,"=""0470505141""","=""9780470505144""",0,4.08,John Wiley & Sons,Hardcover,201,2009,2004,,2016/04/05,to-read,to-read (#26),to-read,,,,,,,0,,,,,
6394415,Transcend: Nine Steps to Living Well Forever,Ray Kurzweil,"Kurzweil, Ray",Terry Grossman,"=""""","=""""",0,3.87,,Kindle Edition,480,,2009,,2016/04/05,to-read,to-read (#25),to-read,,,,,,,0,,,,,
18774981,Waking Up: A Guide to Spirituality Without Religion,Sam Harris,"Harris, Sam",,"=""1451636016""","=""9781451636017""",0,3.87,Simon & Schuster,Hardcover,256,2014,2014,,2016/04/05,to-read,to-read (#24),to-read,,,,,,,0,,,,,
22529127,Team of Teams: The Power of Small Groups in a Fragmented World,Stanley McChrystal,"McChrystal, Stanley",Chris Fussell,"=""1591847486""","=""9781591847489""",0,4.24,Portfolio Hardcover,Hardcover,304,2015,2015,,2016/04/05,to-read,to-read (#23),to-read,,,,,,,0,,,,,
128640,The Intruders,Michael Marshall,"Marshall, Michael",,"=""0061235024""","=""9780061235023""",0,3.63,William Morrow,Hardcover,392,2007,2007,,2016/04/05,to-read,to-read (#22),to-read,,,,,,,0,,,,,
23164946,The Surrender Experiment: My Journey into Life's Perfection,Michael A. Singer,"Singer, Michael A.",,"=""080414110X""","=""9780804141109""",0,4.07,Harmony,Paperback,272,2015,2015,,2016/04/05,to-read,to-read (#21),to-read,,,,,,,1,,,unspecified,,
1963638,The Untethered Soul: The Journey Beyond Yourself,Michael A. Singer,"Singer, Michael A.",,"=""1572245379""","=""9781572245372""",0,4.27,New Harbinger Publications,Paperback,200,2007,2007,,2016/04/05,to-read,to-read (#20),to-read,,,,,,,1,,,unspecified,,
25690958,"Year of Yes: How to Dance It Out, Stand In the Sun and Be Your Own Person",Shonda Rhimes,"Rhimes, Shonda",,"=""""","=""""",0,4.05,Simon & Schuster,Paperback,336,2015,2015,,2016/04/05,to-read,to-read (#19),to-read,,,,,,,0,,,,,
24362644,Not Impossible: The Art and Joy of Doing What Couldn't Be Done,Mick Ebeling,"Ebeling, Mick",,"=""""","=""""",0,4.45,Atria Books,Kindle Edition,273,2015,2015,,2016/04/05,to-read,to-read (#18),to-read,,,,,,,0,,,,,
26072663,Money Talks: When to Say Yes and How to Say No,Gail Vaz-Oxlade,"Vaz-Oxlade, Gail",,"=""1443434094""","=""9781443434096""",0,3.75,Collins,ebook,464,2015,2015,,2016/04/05,to-read,to-read (#17),to-read,,,,,,,0,,,,,
73127,Secrets of Power Negotiating: Inside Secrets from a Master Negotiator,Roger Dawson,"Dawson, Roger",,"=""1564144984""","=""9781564144980""",0,4.12,Career Press,Paperback,319,2000,1988,,2016/04/05,to-read,to-read (#16),to-read,,,,,,,0,,,,,
21911423,The Automatic Millionaire: Canadian Edition: A Powerful One-Step Plan to Live and Finish Rich,David Bach,"Bach, David",,"=""""","=""""",0,3.90,Doubleday Canada,Kindle Edition,256,2009,2003,,2016/04/05,to-read,to-read (#15),to-read,,,,,,,1,,,unspecified,,
11737840,Millionaire Teacher: The Nine Rules of Wealth You Should Have Learned in School,Andrew Hallam,"Hallam, Andrew",,"=""0470830069""","=""9780470830062""",0,4.25,John Wiley & Sons,Paperback,184,2011,2011,,2016/04/05,to-read,to-read (#14),to-read,,,,,,,1,,,unspecified,,
291447,"Rich Dad, Poor Dad: What the Rich Teach Their Kids About Money--That the Poor and Middle Class Do Not!",Robert T. Kiyosaki,"Kiyosaki, Robert T.",Sharon L. Lechter,"=""0446677450""","=""9780446677455""",0,3.94,Business Plus,Paperback,207,2000,1997,,2016/04/05,to-read,to-read (#13),to-read,,,,,,,1,,,unspecified,,
24724602,Flash Boys: A Wall Street Revolt,Michael   Lewis,"Lewis, Michael",,"=""0393351599""","=""9780393351590""",5,4.11,W. W. Norton  Company,Paperback,320,2015,2014,,2016/04/05,,,read,,,,,,,0,,,,,
40745,Mindset: The New Psychology of Success,Carol S. Dweck,"Dweck, Carol S.",,"=""1400062756""","=""9781400062751""",0,4.03,Random House,Hardcover,276,2006,2006,,2016/04/05,"to-read, altucher","to-read (#12), altucher (#14)",to-read,,,,,,,0,,,,,
13530973,Antifragile: Things That Gain from Disorder,Nassim Nicholas Taleb,"Taleb, Nassim Nicholas",,"=""1400067820""","=""9781400067824""",0,4.04,Random House,Audiobook,521,2012,2012,,2016/04/05,"to-read, altucher, dereksivers","to-read (#11), altucher (#13), dereksivers (#22)",to-read,,,,,,,0,,,,,
8520610,Quiet: The Power of Introverts in a World That Can't Stop Talking,Susan Cain,"Cain, Susan",,"=""0307352145""","=""9780307352149""",0,4.04,"Crown Publishing Group/Random House, Inc.",Hardcover,337,2012,2012,,2016/04/05,"altucher, dereksivers, currently-reading","altucher (#12), dereksivers (#24), currently-reading (#1)",currently-reading,,,,0,,,1,,,unspecified,,
18050143,"Zero to One: Notes on Startups, or How to Build the Future",Peter Thiel,"Thiel, Peter",Blake  Masters,"=""0804139296""","=""9780804139298""",0,4.17,Crown Business,Hardcover,195,2014,2014,,2016/04/05,"to-read, altucher, dereksivers","to-read (#10), altucher (#11), dereksivers (#11)",to-read,,,,,,,0,,,,,
8034188,Where Good Ideas Come From: The Natural History of Innovation,Steven Johnson,"Johnson, Steven",,"=""1594487715""","=""9781594487712""",0,4.03,Riverhead Books,Hardcover,326,2010,2010,,2016/04/05,"to-read, altucher","to-read (#9), altucher (#10)",to-read,,,,,,,1,,,unspecified,,
3228917,Outliers: The Story of Success,Malcolm Gladwell,"Gladwell, Malcolm",,"=""0316017922""","=""9780316017923""",0,4.11,"Little, Brown and Company",Hardcover,309,2008,2008,,2016/04/05,"to-read, altucher","to-read (#8), altucher (#9)",to-read,,,,,,,0,,,,,
22609444,"Bold: How to Go Big, Create Wealth and Impact the World",Peter H. Diamandis,"Diamandis, Peter H.",Steven Kotler,"=""1476709564""","=""9781476709567""",0,4.06,Simon & Schuster,Hardcover,336,2015,2015,,2016/04/05,"to-read, altucher","to-read (#7), altucher (#8)",to-read,,,,,,,0,,,,,
13589182,Mastery,Robert Greene,"Greene, Robert",,"=""0670024961""","=""9780670024964""",0,4.27,Viking,Hardcover,318,2012,2012,,2016/04/05,"to-read, altucher","to-read (#6), altucher (#7)",to-read,,,,,,,0,,,,,
22835627,"The Happy Vegan: A Guide to Living a Long, Healthy, and Successful Life",Russell Simmons,"Simmons, Russell",Chris Morrow,"=""1592409326""","=""9781592409327""",0,4.04,Avery,Hardcover,240,2015,2015,,2016/04/05,"altucher, to-read","altucher (#6), to-read (#4)",to-read,,,,,,,0,,,,,
8119730,Super Rich: A Guide to Having It All,Russell Simmons,"Simmons, Russell",Chris Morrow,"=""1592405878""","=""9781592405879""",0,3.93,Gotham,Hardcover,197,2011,2010,,2016/04/05,"altucher, to-read","altucher (#5), to-read (#5)",to-read,,,,,,,0,,,,,
18079526,Success Through Stillness: Meditation Made Simple,Russell Simmons,"Simmons, Russell",,"=""1592408656""","=""9781592408658""",4,3.94,Avery,Hardcover,224,2014,2014,2016/06/15,2016/04/05,altucher,altucher (#4),read,Gentle introduction to meditation.  Difficult at times to get through his continued name dropping.,,,,,,0,,,,,
11878168,Anything You Want,Derek Sivers,"Sivers, Derek",,"=""""","=""""",0,4.03,,Kindle Edition,90,,2011,,2016/04/05,"altucher, to-read","altucher (#3), to-read (#3)",to-read,,,,,,,0,,,,,
25733966,Smarter Faster Better: The Secrets of Being Productive in Life and Business,Charles Duhigg,"Duhigg, Charles",,"=""081299339X""","=""9780812993394""",0,3.89,Random House,Hardcover,400,2016,2016,,2016/04/05,"to-read, altucher","to-read (#2), altucher (#2)",to-read,,,,,,,0,,,,,
12609433,The Power of Habit: Why We Do What We Do in Life and Business,Charles Duhigg,"Duhigg, Charles",,"=""1400069289""","=""9781400069286""",0,4.02,Random House,Hardcover,286,2012,2011,,2016/04/05,"to-read, altucher","to-read (#1), altucher (#1)",to-read,,,,,,,0,,,,,
